{
    "epoch": 2,
    "test_accuracy": 0.9941330968380121,
    "test_f1": 0.0,
    "test_auc": 0.7052558989680386
}