{
    "epoch": 7,
    "test_accuracy": 0.9972082441629553,
    "test_f1": 0.7304542069992555,
    "test_auc": 0.9732489023114339
}