{
    "epoch": 10,
    "test_accuracy": 0.995465324772977,
    "test_f1": 0.4389312977099237,
    "test_auc": 0.9195950694928141
}