{
    "epoch": 8,
    "test_accuracy": 0.9973280576684745,
    "test_f1": 0.7306075659151701,
    "test_auc": 0.9609862342923182
}