{
    "epoch": 8,
    "test_accuracy": 0.9940989869359075,
    "test_precision": 0.0,
    "test_recall": 0.0,
    "test_f1": 0.0,
    "test_auc": 0.8056002103592939
}